{
    "max_depth": 10,
    "eta": 0.03399412774488597,
    "min_child_weight": 17.813278230887068,
    "subsample": 0.8547250468670704,
    "colsample_bytree": 0.9434400330989792,
    "gamma": 1.4304955836435251,
    "lambda": 12.846840731229593,
    "alpha": 1.6077761128539105
}